Workbook
Name Slicer_EmploymentStatus2: #N/A

Sheet Analysis
A3: Departments | B3: Headcount | C3: Average of Salary | H3: Row Labels | I3: Average of Perf_Score
A4: Finance | B4: 17 | C4: 87173.588 | H4: Active | I4: 67.741379
A5: Human Resources | B5: 18 | C5: 85536.278 | H5: Left | I5: 66.208333
A6: Information Technology | B6: 36 | C6: 80512.833 | H6: Grand Total | I6: 67.478571
A7: Marketing | B7: 19 | C7: 85407.947
A8: Operations | B8: 29 | C8: 80049.931
A9: Sales | B9: 31 | C9: 86333.097 | H9: Row Labels | I9: Sum of Eligible Bonus Amount
A10: Grand Total | B10: 150 | C10: 83603.94 | H10: Achieving | I10: 165216.95
H11: Developing | I11: 84593.28
H12: Exceeding | I12: 144689.44
H13: Needs Improvement | I13: 0
H14: Outstanding | I14: 92411.52
H15: Grand Total | I15: 486911.19
A16: Count of Emp ID | B16: Column Labels
A17: Row Labels | B17: Active | C17: Left | D17: Resigned | E17: Grand Total
A18: Finance | B18: 0.82352941 | C18: 0.17647059 | D18: 0 | E18: 1
A19: Human Resources | B19: 0.83333333 | C19: 0.11111111 | D19: 0.055555556 | E19: 1
A20: Information Technology | B20: 0.77777778 | C20: 0.16666667 | D20: 0.055555556 | E20: 1
A21: Marketing | B21: 0.84210526 | C21: 0.15789474 | D21: 0 | E21: 1
A22: Operations | B22: 0.62068966 | C22: 0.20689655 | D22: 0.17241379 | E22: 1
A23: Sales | B23: 0.80645161 | C23: 0.12903226 | D23: 0.064516129 | E23: 1
A24: Grand Total | B24: 0.77333333 | C24: 0.16 | D24: 0.066666667 | E24: 1

Sheet HR Dashboard

Sheet Raw_Employee_Data
A1: Emp ID | B1: First_Name | C1: Last_Name | D1: Full_Name | E1: DeptCode | F1: Department Name | G1: Hire Date | H1: Today's Date | I1: Years of Service | J1: Salary | K1: Bonus Percentage | L1: Eligible Bonus Amount | M1: Perf_Score | N1: EmploymentStatus | O1: Performance Band | P1: Employment_Status
A2: EMP127 | B2: Emily | C2: Brown | D2: =B2&" "&C2 -> Emily Brown | E2: IT02 | F2: =VLOOKUP(E2,Lookup_Departments!$A$2:$B$7,2,FALSE) -> Information Technology | G2: 43093 | H2: =TODAY() -> 46208 | I2: =INT(YEARFRAC(G2,H2)) -> 8 | J2: 50361 | K2: =VLOOKUP(O2,Lookup_Performance!$C$1:$D$6,2,FALSE) -> 0.02 | L2: =J2*K2 -> 1007.22 | M2: 52 | N2: active | O2: =IF(M2<50, "Needs Improvement", IF(M2<70, "Developing", IF(M2<85, "Achieving", IF(M2<95, "Exceeding", "Outstanding")))) -> Developing | P2: =PROPER(N2) -> Active
A3: EMP046 | B3: Richard | C3: Hernandez | D3: =B3&" "&C3 -> Richard Hernandez | E3: MKT04 | F3: =VLOOKUP(E3,Lookup_Departments!$A$2:$B$7,2,FALSE) -> Marketing | G3: 44659 | H3: =TODAY() -> 46208 | I3: =INT(YEARFRAC(G3,H3)) -> 4 | J3: 112673 | K3: =VLOOKUP(O3,Lookup_Performance!$C$1:$D$6,2,FALSE) -> 0.02 | L3: =J3*K3 -> 2253.46 | M3: 68 | N3: ACTIVE | O3: =IF(M3<50, "Needs Improvement", IF(M3<70, "Developing", IF(M3<85, "Achieving", IF(M3<95, "Exceeding", "Outstanding")))) -> Developing | P3: =PROPER(N3) -> Active
A4: EMP134 | B4: Emily | C4: Gonzalez | D4: =B4&" "&C4 -> Emily Gonzalez | E4: IT02 | F4: =VLOOKUP(E4,Lookup_Departments!$A$2:$B$7,2,FALSE) -> Information Technology | G4: 42431 | H4: =TODAY() -> 46208 | I4: =INT(YEARFRAC(G4,H4)) -> 10 | J4: 114425 | K4: =VLOOKUP(O4,Lookup_Performance!$C$1:$D$6,2,FALSE) -> 0.02 | L4: =J4*K4 -> 2288.5 | M4: 54 | N4: LEFT | O4: =IF(M4<50, "Needs Improvement", IF(M4<70, "Developing", IF(M4<85, "Achieving", IF(M4<95, "Exceeding", "Outstanding")))) -> Developing | P4: =PROPER(N4) -> Left
A5: EMP139 | B5: John | C5: Martinez | D5: =B5&" "&C5 -> John Martinez | E5: FIN03 | F5: =VLOOKUP(E5,Lookup_Departments!$A$2:$B$7,2,FALSE) -> Finance | G5: 45110 | H5: =TODAY() -> 46208 | I5: =INT(YEARFRAC(G5,H5)) -> 3 | J5: 103831 | K5: =VLOOKUP(O5,Lookup_Performance!$C$1:$D$6,2,FALSE) -> 0.05 | L5: =J5*K5 -> 5191.55 | M5: 70 | N5: active | O5: =IF(M5<50, "Needs Improvement", IF(M5<70, "Developing", IF(M5<85, "Achieving", IF(M5<95, "Exceeding", "Outstanding")))) -> Achieving | P5: =PROPER(N5) -> Active
A6: EMP112 | B6: Thomas | C6: Smith | D6: =B6&" "&C6 -> Thomas Smith | E6: IT02 | F6: =VLOOKUP(E6,Lookup_Departments!$A$2:$B$7,2,FALSE) -> Information Technology | G6: 44977 | H6: =TODAY() -> 46208 | I6: =INT(YEARFRAC(G6,H6)) -> 3 | J6: 73785 | K6: =VLOOKUP(O6,Lookup_Performance!$C$1:$D$6,2,FALSE) -> 0 | L6: =J6*K6 -> 0 | M6: 40 | N6: Left | O6: =IF(M6<50, "Needs Improvement", IF(M6<70, "Developing", IF(M6<85, "Achieving", IF(M6<95, "Exceeding", "Outstanding")))) -> Needs Improvement | P6: =PROPER(N6) -> Left
A7: EMP030 | B7: Emily | C7: Johnson | D7: =B7&" "&C7 -> Emily Johnson | E7: OPS06 | F7: =VLOOKUP(E7,Lookup_Departments!$A$2:$B$7,2,FALSE) -> Operations | G7: 43892 | H7: =TODAY() -> 46208 | I7: =INT(YEARFRAC(G7,H7)) -> 6 | J7: 115882 | K7: =VLOOKUP(O7,Lookup_Performance!$C$1:$D$6,2,FALSE) -> 0 | L7: =J7*K7 -> 0 | M7: 49 | N7: ACTIVE | O7: =IF(M7<50, "Needs Improvement", IF(M7<70, "Developing", IF(M7<85, "Achieving", IF(M7<95, "Exceeding", "Outstanding")))) -> Needs Improvement | P7: =PROPER(N7) -> Active
A8: EMP096 | B8: John | C8: Wilson | D8: =B8&" "&C8 -> John Wilson | E8: OPS06 | F8: =VLOOKUP(E8,Lookup_Departments!$A$2:$B$7,2,FALSE) -> Operations | G8: 45272 | H8: =TODAY() -> 46208 | I8: =INT(YEARFRAC(G8,H8)) -> 2 | J8: 59980 | K8: =VLOOKUP(O8,Lookup_Performance!$C$1:$D$6,2,FALSE) -> 0.05 | L8: =J8*K8 -> 2999 | M8: 70 | N8: Left | O8: =IF(M8<50, "Needs Improvement", IF(M8<70, "Developing", IF(M8<85, "Achieving", IF(M8<95, "Exceeding", "Outstanding")))) -> Achieving | P8: =PROPER(N8) -> Left
A9: EMP098 | B9: Jessica | C9: Smith | D9: =B9&" "&C9 -> Jessica Smith | E9: OPS06 | F9: =VLOOKUP(E9,Lookup_Departments!$A$2:$B$7,2,FALSE) -> Operations | G9: 44174 | H9: =TODAY() -> 46208 | I9: =INT(YEARFRAC(G9,H9)) -> 5 | J9: 68728 | K9: =VLOOKUP(O9,Lookup_Performance!$C$1:$D$6,2,FALSE) -> 0 | L9: =J9*K9 -> 0 | M9: 45 | N9: ACTIVE | O9: =IF(M9<50, "Needs Improvement", IF(M9<70, "Developing", IF(M9<85, "Achieving", IF(M9<95, "Exceeding", "Outstanding")))) -> Needs Improvement | P9: =PROPER(N9) -> Active
A10: EMP095 | B10: Unknown | C10: Rodriguez | D10: =B10&" "&C10 -> Unknown Rodriguez | E10: FIN03 | F10: =VLOOKUP(E10,Lookup_Departments!$A$2:$B$7,2,FALSE) -> Finance | G10: 43107 | H10: =TODAY() -> 46208 | I10: =INT(YEARFRAC(G10,H10)) -> 8 | J10: 102139 | K10: =VLOOKUP(O10,Lookup_Performance!$C$1:$D$6,2,FALSE) -> 0.05 | L10: =J10*K10 -> 5106.95 | M10: 79 | N10: active | O10: =IF(M10<50, "Needs Improvement", IF(M10<70, "Developing", IF(M10<85, "Achieving", IF(M10<95, "Exceeding", "Outstanding")))) -> Achieving | P10: =PROPER(N10) -> Active
A11: EMP140 | B11: Michael | C11: Martinez | D11: =B11&" "&C11 -> Michael Martinez | E11: SAL05 | F11: =VLOOKUP(E11,Lookup_Departments!$A$2:$B$7,2,FALSE) -> Sales | G11: 42676 | H11: =TODAY() -> 46208 | I11: =INT(YEARFRAC(G11,H11)) -> 9 | J11: 94998 | K11: =VLOOKUP(O11,Lookup_Performance!$C$1:$D$6,2,FALSE) -> 0.02 | L11: =J11*K11 -> 1899.96 | M11: 58 | N11: Active | O11: =IF(M11<50, "Needs Improvement", IF(M11<70, "Developing", IF(M11<85, "Achieving", IF(M11<95, "Exceeding", "Outstanding")))) -> Developing | P11: =PROPER(N11) -> Active
A12: EMP020 | B12: Emily | C12: Miller | D12: =B12&" "&C12 -> Emily Miller | E12: SAL05 | F12: =VLOOKUP(E12,Lookup_Departments!$A$2:$B$7,2,FALSE) -> Sales | G12: 43911 | H12: =TODAY() -> 46208 | I12: =INT(YEARFRAC(G12,H12)) -> 6 | J12: 118635 | K12: =VLOOKUP(O12,Lookup_Performance!$C$1:$D$6,2,FALSE) -> 0 | L12: =J12*K12 -> 0 | M12: 49 | N12: Active | O12: =IF(M12<50, "Needs Improvement", IF(M12<70, "Developing", IF(M12<85, "Achieving", IF(M12<95, "Exceeding", "Outstanding")))) -> Needs Improvement | P12: =PROPER(N12) -> Active
A13: EMP057 | B13: Emily | C13: Hernandez | D13: =B13&" "&C13 -> Emily Hernandez | E13: IT02 | F13: =VLOOKUP(E13,Lookup_Departments!$A$2:$B$7,2,FALSE) -> Information Technology | G13: 42425 | H13: =TODAY() -> 46208 | I13: =INT(YEARFRAC(G13,H13)) -> 10 | J13: 76918 | K13: =VLOOKUP(O13,Lookup_Performance!$C$1:$D$6,2,FALSE) -> 0.02 | L13: =J13*K13 -> 1538.36 | M13: 62 | N13: Active | O13: =IF(M13<50, "Needs Improvement", IF(M13<70, "Developing", IF(M13<85, "Achieving", IF(M13<95, "Exceeding", "Outstanding")))) -> Developing | P13: =PROPER(N13) -> Active
... A151: EMP103 | B151: Amanda | C151: Brown | D151: =B151&" "&C151 -> Amanda Brown | E151: IT02 | F151: =VLOOKUP(E151,Lookup_Departments!$A$2:$B$7,2,FALSE) -> Information Technology | G151: 44848 | H151: =TODAY() -> 46208 | I151: =INT(YEARFRAC(G151,H151)) -> 3 | J151: 118634 | K151: =VLOOKUP(O151,Lookup_Performance!$C$1:$D$6,2,FALSE) -> 0.08 | L151: =J151*K151 -> 9490.72 | M151: 91 | N151: ACTIVE | O151: =IF(M151<50, "Needs Improvement", IF(M151<70, "Developing", IF(M151<85, "Achieving", IF(M151<95, "Exceeding", "Outstanding")))) -> Exceeding | P151: =PROPER(N151) -> Active

Sheet Lookup_Departments
A1: Dept_Code | B1: Department_Name
A2: HR01 | B2: Human Resources
A3: IT02 | B3: Information Technology
A4: FIN03 | B4: Finance
A5: MKT04 | B5: Marketing
A6: SAL05 | B6: Sales
A7: OPS06 | B7: Operations

Sheet Lookup_Performance
A1: Min_Score | B1: Max_Score | C1: Performance_Band | D1: Bonus_Percentage
A2: 0 | B2: 49 | C2: Needs Improvement | D2: 0
A3: 50 | B3: 69 | C3: Developing | D3: 0.02
A4: 70 | B4: 84 | C4: Achieving | D4: 0.05
A5: 85 | B5: 94 | C5: Exceeding | D5: 0.08
A6: 95 | B6: 100 | C6: Outstanding | D6: 0.12
